item_id,cuisine,category,price,veg_flag
0,italian,side,364,1
1,chinese,beverage,425,1
2,italian,main,317,1
3,indian,main,164,0
4,chinese,main,500,1
5,italian,main,520,1
6,indian,side,349,0
7,italian,main,375,0
8,chinese,dessert,414,1
9,chinese,beverage,494,0
10,chinese,beverage,439,0
11,chinese,dessert,164,1
12,italian,dessert,176,1
13,chinese,side,199,0
14,chinese,beverage,399,1
15,chinese,main,560,1
16,chinese,dessert,559,0
17,indian,main,480,1
18,chinese,beverage,261,0
19,italian,side,221,0
20,indian,main,367,1
21,italian,dessert,345,1
22,italian,side,283,0
23,chinese,beverage,445,1
24,italian,beverage,203,0
25,italian,beverage,515,0
26,italian,side,111,0
27,indian,dessert,253,1
28,indian,dessert,115,1
29,indian,dessert,593,1
30,italian,beverage,468,1
31,indian,beverage,299,0
32,chinese,main,522,1
33,chinese,beverage,304,0
34,chinese,main,514,0
35,italian,beverage,398,0
36,chinese,side,598,1
37,italian,side,155,1
38,italian,main,142,1
39,indian,beverage,395,1
40,indian,dessert,465,0
41,italian,beverage,468,0
42,indian,beverage,228,0
43,indian,beverage,356,1
44,italian,side,187,0
45,indian,side,551,1
46,indian,main,458,1
47,indian,beverage,580,1
48,italian,main,206,0
49,indian,dessert,582,1
50,chinese,dessert,331,1
51,indian,dessert,485,0
52,italian,beverage,580,1
53,italian,main,177,1
54,italian,side,242,1
55,italian,beverage,314,1
56,indian,dessert,311,1
57,indian,main,481,0
58,italian,dessert,414,0
59,chinese,beverage,100,0
60,italian,beverage,113,1
61,indian,side,585,0
62,chinese,main,554,1
63,chinese,main,586,1
64,indian,main,217,1
65,chinese,side,492,0
66,italian,main,218,0
67,italian,dessert,337,1
68,indian,dessert,353,0
69,chinese,main,544,0
70,chinese,main,225,0
71,italian,side,412,0
72,chinese,beverage,163,1
73,chinese,dessert,105,1
74,italian,side,416,1
75,italian,side,116,1
76,indian,beverage,431,1
77,indian,beverage,140,1
78,chinese,side,465,0
79,chinese,side,454,1
80,chinese,beverage,512,1
81,indian,dessert,585,0
82,indian,main,331,0
83,italian,dessert,189,1
84,chinese,main,171,1
85,chinese,beverage,554,0
86,italian,side,407,0
87,chinese,dessert,144,1
88,italian,beverage,139,1
89,indian,dessert,110,1
90,indian,side,535,1
91,italian,side,234,0
92,italian,main,320,1
93,indian,beverage,504,0
94,italian,beverage,595,1
95,chinese,side,590,0
96,indian,beverage,396,0
97,chinese,beverage,247,1
98,italian,beverage,256,1
99,chinese,beverage,551,0
100,chinese,main,300,0
101,italian,dessert,411,0
102,chinese,side,444,1
103,italian,beverage,196,1
104,indian,side,208,1
105,chinese,main,341,0
106,italian,dessert,128,0
107,chinese,side,466,0
108,italian,side,549,0
109,chinese,beverage,542,0
110,chinese,side,231,0
111,indian,side,153,1
112,italian,side,476,0
113,italian,main,357,1
114,chinese,main,455,1
115,italian,side,403,0
116,chinese,beverage,167,1
117,italian,side,289,1
118,indian,main,449,0
119,chinese,beverage,118,1
120,indian,main,514,1
121,indian,dessert,498,0
122,italian,beverage,166,0
123,indian,beverage,441,0
124,indian,main,439,0
125,indian,side,106,1
126,chinese,beverage,484,0
127,chinese,side,298,1
128,italian,beverage,328,0
129,italian,main,449,0
130,chinese,beverage,172,1
131,chinese,beverage,382,1
132,chinese,main,347,1
133,indian,main,570,1
134,indian,main,175,0
135,chinese,side,196,0
136,indian,beverage,179,1
137,chinese,main,453,0
138,italian,side,589,1
139,chinese,beverage,574,1
140,italian,beverage,114,0
141,chinese,side,581,1
142,indian,dessert,385,1
143,indian,side,122,0
144,chinese,main,259,0
145,chinese,beverage,404,1
146,indian,main,528,1
147,indian,main,387,0
148,indian,side,449,0
149,indian,beverage,136,0
150,chinese,main,400,1
151,indian,side,587,0
152,italian,side,274,1
153,italian,side,217,0
154,indian,dessert,437,0
155,indian,main,493,0
156,indian,dessert,551,1
157,chinese,side,302,0
158,chinese,main,354,1
159,indian,dessert,306,1
160,indian,dessert,186,0
161,italian,beverage,214,1
162,indian,beverage,354,1
163,italian,dessert,155,1
164,italian,dessert,433,0
165,italian,side,459,1
166,italian,main,428,1
167,italian,main,283,0
168,indian,main,251,0
169,indian,side,103,1
170,chinese,side,534,1
171,indian,side,100,1
172,italian,dessert,578,1
173,chinese,side,452,1
174,italian,beverage,397,0
175,indian,dessert,477,1
176,chinese,beverage,117,0
177,italian,side,431,1
178,chinese,beverage,255,0
179,indian,dessert,598,0
180,italian,beverage,251,1
181,italian,side,573,0
182,italian,side,126,1
183,indian,dessert,200,1
184,italian,side,298,0
185,italian,dessert,153,1
186,italian,side,181,0
187,chinese,side,352,0
188,chinese,beverage,458,0
189,chinese,main,552,1
190,italian,side,328,0
191,indian,dessert,296,0
192,indian,main,270,1
193,italian,beverage,490,1
194,indian,dessert,385,0
195,italian,main,558,1
196,chinese,dessert,456,0
197,chinese,side,132,0
198,indian,dessert,110,1
199,indian,main,175,1
200,chinese,side,599,1
201,chinese,main,430,0
202,indian,side,247,0
203,italian,dessert,594,1
204,italian,beverage,515,1
205,indian,dessert,386,1
206,italian,dessert,143,1
207,italian,dessert,502,1
208,italian,main,379,1
209,indian,side,579,1
210,chinese,beverage,277,0
211,indian,dessert,470,1
212,italian,beverage,380,0
213,chinese,side,216,1
214,chinese,main,171,0
215,italian,side,124,0
216,italian,side,286,1
217,indian,beverage,540,1
218,italian,dessert,354,1
219,indian,dessert,277,1
220,italian,side,181,1
221,italian,beverage,531,1
222,italian,beverage,118,1
223,indian,beverage,354,0
224,chinese,beverage,134,0
225,italian,dessert,254,0
226,chinese,beverage,560,1
227,italian,side,150,0
228,chinese,main,502,0
229,chinese,beverage,134,0
230,chinese,main,243,0
231,italian,main,168,0
232,indian,side,184,0
233,indian,side,537,0
234,italian,main,572,1
235,indian,dessert,246,1
236,italian,beverage,401,1
237,indian,beverage,178,0
238,italian,side,123,1
239,chinese,beverage,276,0
240,italian,main,369,1
241,chinese,main,394,1
242,italian,side,275,1
243,italian,main,179,1
244,italian,beverage,180,0
245,italian,dessert,396,0
246,indian,main,547,0
247,italian,beverage,153,0
248,indian,side,535,1
249,indian,main,376,1
250,chinese,side,397,0
251,italian,dessert,564,1
252,indian,beverage,576,1
253,chinese,beverage,340,1
254,indian,dessert,456,0
255,indian,dessert,416,1
256,italian,side,296,0
257,italian,main,365,0
258,chinese,dessert,553,0
259,chinese,dessert,134,0
260,chinese,side,141,0
261,indian,beverage,187,0
262,indian,dessert,254,1
263,italian,main,357,0
264,chinese,beverage,293,1
265,indian,dessert,158,1
266,indian,beverage,205,0
267,chinese,dessert,276,1
268,chinese,main,463,1
269,indian,dessert,396,1
270,italian,side,534,0
271,chinese,dessert,319,1
272,indian,main,379,1
273,chinese,beverage,435,0
274,indian,main,493,1
275,italian,side,376,0
276,chinese,main,410,0
277,chinese,main,318,1
278,indian,dessert,488,0
279,indian,beverage,326,1
280,chinese,dessert,414,1
281,chinese,dessert,429,1
282,chinese,side,151,1
283,italian,dessert,489,1
284,indian,beverage,158,0
285,italian,beverage,219,0
286,indian,side,285,0
287,chinese,beverage,387,1
288,indian,dessert,225,0
289,italian,side,562,0
290,indian,side,288,1
291,chinese,main,284,0
292,indian,beverage,151,1
293,chinese,dessert,440,1
294,indian,side,434,0
295,italian,side,200,1
296,chinese,dessert,415,1
297,indian,beverage,475,1
298,chinese,beverage,304,0
299,italian,side,557,0
300,chinese,beverage,330,1
301,italian,beverage,367,1
302,indian,main,350,1
303,indian,main,588,1
304,indian,side,139,1
305,chinese,main,335,1
306,italian,side,374,0
307,indian,dessert,339,1
308,chinese,main,254,1
309,chinese,beverage,179,0
310,chinese,dessert,350,0
311,chinese,main,176,0
312,chinese,side,303,0
313,italian,side,580,0
314,italian,side,238,0
315,indian,dessert,329,1
316,indian,dessert,166,1
317,italian,side,213,1
318,italian,beverage,507,1
319,indian,beverage,112,1
320,italian,main,246,0
321,italian,side,321,0
322,indian,side,120,1
323,indian,main,314,1
324,indian,beverage,589,0
325,indian,dessert,439,1
326,indian,side,589,1
327,chinese,main,177,1
328,italian,side,185,0
329,indian,main,583,1
330,chinese,beverage,175,0
331,italian,dessert,130,1
332,italian,side,423,1
333,indian,dessert,382,0
334,chinese,beverage,559,0
335,indian,beverage,319,1
336,italian,main,299,0
337,chinese,main,212,0
338,chinese,dessert,561,1
339,chinese,dessert,434,1
340,italian,beverage,492,0
341,indian,dessert,475,0
342,indian,side,463,1
343,indian,main,569,0
344,indian,dessert,342,0
345,indian,dessert,268,1
346,chinese,dessert,208,0
347,italian,main,483,1
348,chinese,side,135,1
349,chinese,beverage,452,1
350,chinese,dessert,230,0
351,chinese,main,590,1
352,indian,main,361,0
353,italian,side,326,1
354,chinese,dessert,397,0
355,italian,dessert,428,1
356,italian,dessert,467,0
357,indian,dessert,443,1
358,indian,beverage,533,0
359,indian,main,313,1
360,indian,main,263,1
361,indian,side,149,1
362,indian,beverage,461,1
363,indian,main,362,0
364,italian,dessert,435,0
365,chinese,beverage,145,1
366,indian,side,320,0
367,indian,side,509,1
368,indian,beverage,565,0
369,italian,dessert,101,1
370,italian,dessert,329,0
371,chinese,beverage,291,1
372,italian,main,455,0
373,chinese,main,571,1
374,chinese,beverage,188,0
375,italian,main,114,0
376,indian,dessert,361,0
377,italian,side,144,1
378,chinese,main,574,0
379,italian,main,511,1
380,italian,side,559,1
381,italian,beverage,518,1
382,chinese,main,509,1
383,indian,beverage,572,1
384,italian,beverage,568,0
385,italian,beverage,447,0
386,chinese,dessert,585,0
387,indian,side,129,1
388,indian,side,109,0
389,italian,side,249,0
390,italian,main,424,1
391,italian,beverage,536,0
392,italian,dessert,253,0
393,chinese,side,502,1
394,chinese,dessert,135,1
395,italian,main,283,0
396,indian,side,234,1
397,indian,side,236,1
398,chinese,main,297,0
399,italian,side,505,0
400,chinese,side,178,0
401,chinese,main,553,0
402,italian,side,308,1
403,indian,main,352,1
404,indian,dessert,328,0
405,italian,dessert,476,1
406,chinese,main,229,1
407,italian,dessert,550,0
408,italian,side,278,1
409,chinese,dessert,561,1
410,chinese,main,532,1
411,italian,main,532,0
412,chinese,side,436,0
413,italian,dessert,428,1
414,indian,dessert,109,0
415,indian,main,487,0
416,italian,beverage,456,1
417,italian,dessert,306,1
418,italian,side,188,1
419,chinese,side,220,0
420,chinese,dessert,129,0
421,indian,beverage,228,1
422,indian,beverage,411,1
423,indian,beverage,416,0
424,chinese,side,599,0
425,chinese,main,497,1
426,chinese,side,244,0
427,chinese,side,514,1
428,indian,side,148,0
429,italian,beverage,189,0
430,italian,side,199,0
431,italian,dessert,307,0
432,indian,dessert,336,1
433,indian,side,558,0
434,chinese,side,300,1
435,indian,side,572,1
436,indian,beverage,538,1
437,indian,beverage,325,0
438,italian,beverage,561,1
439,indian,side,203,0
440,italian,main,243,1
441,italian,main,236,1
442,chinese,beverage,272,1
443,indian,main,218,0
444,indian,main,597,1
445,indian,side,377,0
446,indian,dessert,552,0
447,indian,main,248,1
448,indian,main,442,0
449,italian,dessert,577,0
450,italian,main,103,1
451,indian,side,297,1
452,chinese,beverage,542,1
453,indian,dessert,557,0
454,chinese,beverage,296,0
455,indian,side,328,1
456,indian,dessert,484,0
457,italian,main,197,1
458,indian,main,299,0
459,indian,dessert,514,1
460,indian,beverage,274,0
461,indian,main,558,1
462,indian,main,190,0
463,indian,beverage,483,0
464,chinese,side,315,1
465,chinese,dessert,352,0
466,indian,beverage,130,0
467,italian,main,530,0
468,chinese,side,295,0
469,indian,side,558,1
470,indian,dessert,330,1
471,chinese,main,114,1
472,italian,dessert,440,0
473,indian,dessert,436,1
474,indian,main,245,1
475,italian,side,137,1
476,indian,beverage,128,1
477,italian,dessert,470,1
478,italian,side,372,1
479,italian,beverage,544,0
480,indian,dessert,183,0
481,italian,dessert,529,0
482,chinese,main,470,1
483,chinese,beverage,416,0
484,italian,dessert,399,1
485,chinese,main,521,1
486,indian,side,332,1
487,italian,side,173,1
488,chinese,side,476,1
489,chinese,beverage,152,1
490,italian,beverage,564,0
491,indian,main,458,1
492,italian,beverage,317,1
493,italian,dessert,364,1
494,indian,main,388,1
495,chinese,side,397,1
496,indian,beverage,397,1
497,chinese,dessert,138,0
498,chinese,beverage,347,0
499,chinese,beverage,525,1
500,italian,dessert,339,1
501,indian,side,260,0
502,chinese,beverage,526,0
503,italian,beverage,502,1
504,italian,beverage,483,0
505,italian,side,210,1
506,chinese,main,585,1
507,italian,beverage,550,1
508,italian,side,576,1
509,italian,main,199,0
510,indian,dessert,217,1
511,indian,side,487,0
512,indian,dessert,312,1
513,italian,beverage,214,1
514,indian,main,418,0
515,indian,dessert,390,1
516,chinese,side,400,0
517,chinese,beverage,476,1
518,indian,beverage,375,1
519,indian,side,511,0
520,indian,main,265,1
521,italian,side,311,1
522,indian,side,425,1
523,chinese,main,482,1
524,italian,beverage,352,0
525,chinese,main,579,0
526,italian,main,180,0
527,italian,main,372,1
528,chinese,side,556,1
529,indian,side,101,0
530,chinese,side,108,0
531,indian,side,222,1
532,indian,main,182,0
533,italian,beverage,219,1
534,indian,side,489,1
535,chinese,side,366,0
536,italian,dessert,205,0
537,chinese,beverage,595,0
538,italian,dessert,227,1
539,chinese,main,437,0
540,chinese,main,470,0
541,indian,main,250,0
542,italian,main,257,1
543,italian,side,273,1
544,italian,side,373,1
545,indian,beverage,343,0
546,chinese,beverage,272,0
547,italian,dessert,158,0
548,italian,dessert,209,1
549,italian,side,469,1
550,chinese,side,314,0
551,chinese,main,164,0
552,italian,beverage,467,1
553,indian,side,511,1
554,chinese,main,397,1
555,indian,beverage,327,0
556,indian,main,307,0
557,italian,beverage,342,0
558,chinese,dessert,270,1
559,italian,beverage,562,1
560,chinese,side,571,0
561,indian,dessert,250,1
562,italian,beverage,529,1
563,indian,dessert,516,1
564,indian,main,336,0
565,indian,dessert,390,0
566,italian,dessert,164,0
567,indian,side,551,1
568,chinese,side,289,0
569,italian,main,511,0
570,indian,side,131,1
571,italian,main,159,1
572,chinese,side,278,1
573,italian,side,286,0
574,italian,main,500,0
575,indian,dessert,353,1
576,indian,main,322,1
577,italian,beverage,419,0
578,indian,main,590,1
579,chinese,main,431,1
580,chinese,main,309,0
581,chinese,dessert,257,1
582,chinese,side,558,1
583,chinese,beverage,568,0
584,italian,dessert,153,1
585,indian,main,390,1
586,chinese,beverage,125,1
587,italian,main,187,0
588,italian,side,336,1
589,indian,beverage,303,0
590,chinese,main,179,1
591,chinese,side,451,0
592,indian,beverage,225,0
593,indian,main,460,1
594,italian,side,414,0
595,indian,side,555,0
596,italian,side,454,1
597,italian,dessert,554,1
598,chinese,side,402,1
599,chinese,dessert,477,0
600,chinese,beverage,364,1
601,indian,beverage,469,1
602,indian,side,473,0
603,italian,main,198,0
604,indian,beverage,182,1
605,indian,main,576,1
606,indian,dessert,462,0
607,italian,main,552,1
608,chinese,main,576,0
609,chinese,dessert,352,0
610,indian,dessert,323,1
611,indian,main,312,1
612,chinese,dessert,461,1
613,chinese,main,110,0
614,indian,side,547,1
615,italian,beverage,304,0
616,chinese,beverage,141,1
617,chinese,beverage,195,0
618,italian,side,434,1
619,indian,beverage,483,1
620,indian,dessert,404,0
621,chinese,beverage,183,0
622,chinese,side,434,0
623,chinese,dessert,538,1
624,italian,dessert,526,1
625,chinese,main,439,1
626,italian,beverage,118,0
627,italian,beverage,171,1
628,chinese,main,365,1
629,italian,main,148,0
630,italian,side,198,0
631,italian,main,475,0
632,indian,main,175,0
633,chinese,beverage,382,1
634,indian,beverage,379,1
635,indian,side,492,1
636,chinese,beverage,545,0
637,italian,main,169,1
638,chinese,beverage,592,1
639,chinese,beverage,583,1
640,indian,main,415,0
641,indian,main,275,1
642,chinese,beverage,330,0
643,indian,beverage,488,1
644,chinese,main,306,1
645,chinese,dessert,324,1
646,italian,beverage,521,0
647,indian,beverage,552,0
648,indian,dessert,170,1
649,chinese,main,460,1
650,italian,side,435,0
651,chinese,side,237,0
652,italian,side,248,0
653,chinese,main,498,1
654,italian,beverage,240,1
655,indian,dessert,341,0
656,chinese,beverage,170,1
657,indian,main,491,0
658,indian,main,347,0
659,italian,beverage,521,1
660,chinese,dessert,357,0
661,italian,side,505,0
662,indian,side,473,1
663,indian,dessert,151,0
664,chinese,main,106,0
665,chinese,beverage,438,1
666,chinese,side,289,1
667,italian,dessert,213,1
668,indian,main,154,0
669,indian,beverage,368,1
670,chinese,dessert,369,0
671,indian,side,371,0
672,chinese,beverage,529,0
673,chinese,beverage,476,0
674,italian,side,197,0
675,italian,beverage,268,0
676,chinese,beverage,523,0
677,indian,side,247,0
678,indian,side,247,1
679,chinese,dessert,402,0
680,indian,side,143,1
681,chinese,side,213,0
682,chinese,dessert,188,1
683,indian,beverage,270,0
684,chinese,main,187,0
685,chinese,side,246,1
686,italian,beverage,547,1
687,italian,main,268,0
688,indian,side,190,1
689,italian,side,247,0
690,chinese,side,570,0
691,italian,beverage,483,1
692,indian,dessert,156,1
693,indian,side,165,0
694,italian,main,466,0
695,chinese,dessert,504,0
696,indian,dessert,336,0
697,chinese,main,446,1
698,italian,beverage,302,1
699,italian,beverage,308,1
700,chinese,beverage,242,1
701,chinese,dessert,214,0
702,italian,beverage,161,1
703,italian,dessert,391,0
704,indian,side,203,1
705,chinese,beverage,290,0
706,chinese,side,346,1
707,italian,side,564,0
708,italian,beverage,207,0
709,chinese,dessert,575,1
710,italian,beverage,467,1
711,italian,dessert,456,0
712,italian,main,195,1
713,indian,main,472,1
714,indian,main,322,1
715,italian,beverage,460,1
716,indian,beverage,299,0
717,italian,main,299,0
718,italian,beverage,258,0
719,italian,main,519,0
720,italian,dessert,323,0
721,chinese,side,378,1
722,indian,beverage,263,0
723,italian,beverage,485,1
724,indian,side,329,1
725,chinese,main,593,1
726,chinese,beverage,164,1
727,chinese,beverage,405,1
728,indian,dessert,216,1
729,indian,dessert,442,1
730,chinese,dessert,356,0
731,chinese,beverage,156,0
732,italian,side,128,1
733,indian,beverage,317,1
734,indian,main,598,0
735,indian,side,565,1
736,chinese,dessert,131,1
737,chinese,side,487,1
738,italian,beverage,450,1
739,indian,beverage,424,1
740,indian,beverage,128,1
741,indian,beverage,370,0
742,indian,beverage,582,0
743,italian,side,518,0
744,chinese,dessert,535,0
745,italian,side,497,0
746,chinese,side,245,1
747,indian,side,185,1
748,italian,main,154,0
749,italian,beverage,422,0
750,italian,dessert,152,1
751,italian,side,527,0
752,chinese,side,545,1
753,indian,main,146,0
754,indian,beverage,444,0
755,indian,side,588,0
756,indian,main,239,0
757,italian,beverage,532,1
758,indian,side,512,0
759,chinese,dessert,241,0
760,indian,side,278,0
761,italian,side,241,0
762,chinese,side,491,0
763,italian,side,199,1
764,italian,beverage,420,0
765,chinese,main,573,1
766,chinese,main,371,0
767,indian,main,566,1
768,italian,main,573,0
769,indian,beverage,323,0
770,italian,main,211,0
771,indian,side,387,0
772,chinese,dessert,440,1
773,indian,main,247,1
774,indian,beverage,128,1
775,chinese,side,484,0
776,chinese,main,572,0
777,chinese,main,572,0
778,chinese,main,120,0
779,chinese,main,191,1
780,indian,beverage,271,1
781,chinese,dessert,197,0
782,italian,beverage,121,1
783,indian,side,220,0
784,chinese,main,289,1
785,indian,main,235,1
786,indian,dessert,488,1
787,chinese,beverage,487,0
788,italian,main,455,0
789,indian,dessert,178,0
790,indian,side,322,0
791,italian,main,489,1
792,italian,main,538,1
793,italian,side,432,0
794,indian,dessert,123,1
795,indian,side,283,1
796,indian,dessert,192,1
797,indian,side,207,1
798,indian,side,375,1
799,chinese,dessert,133,0
800,chinese,side,406,0
801,indian,dessert,344,0
802,italian,dessert,359,0
803,chinese,beverage,241,0
804,chinese,beverage,516,1
805,indian,dessert,149,0
806,indian,side,334,0
807,italian,dessert,149,0
808,chinese,main,347,1
809,italian,dessert,519,1
810,indian,side,441,1
811,italian,beverage,196,1
812,chinese,beverage,554,1
813,chinese,dessert,583,1
814,chinese,main,524,1
815,italian,beverage,584,1
816,chinese,side,326,0
817,italian,dessert,129,1
818,chinese,main,310,1
819,chinese,side,312,0
820,indian,dessert,248,0
821,italian,beverage,355,1
822,chinese,dessert,439,1
823,chinese,main,258,0
824,indian,side,542,1
825,chinese,beverage,194,0
826,indian,dessert,270,1
827,indian,main,537,1
828,indian,dessert,245,0
829,chinese,side,384,1
830,chinese,main,288,0
831,indian,dessert,431,1
832,italian,main,192,0
833,italian,dessert,170,1
834,indian,beverage,227,1
835,italian,dessert,417,0
836,indian,main,551,1
837,chinese,dessert,159,0
838,italian,side,383,1
839,italian,side,194,0
840,indian,dessert,171,1
841,italian,main,533,1
842,italian,beverage,523,1
843,italian,beverage,538,1
844,chinese,dessert,258,0
845,indian,side,481,0
846,indian,beverage,426,0
847,chinese,main,104,0
848,chinese,beverage,501,1
849,indian,main,342,0
850,chinese,side,405,1
851,italian,dessert,183,1
852,italian,beverage,212,0
853,indian,main,263,0
854,chinese,main,214,1
855,italian,main,279,0
856,chinese,dessert,547,0
857,indian,beverage,331,0
858,indian,main,451,0
859,chinese,main,257,1
860,indian,beverage,330,1
861,indian,beverage,572,1
862,italian,dessert,414,1
863,chinese,dessert,549,0
864,chinese,beverage,198,0
865,indian,dessert,411,0
866,chinese,main,185,0
867,chinese,dessert,202,1
868,italian,beverage,211,0
869,chinese,main,532,1
870,chinese,main,595,0
871,indian,side,235,1
872,indian,main,598,1
873,indian,main,596,1
874,chinese,beverage,340,1
875,indian,side,184,1
876,indian,side,537,0
877,italian,dessert,255,0
878,italian,main,549,1
879,italian,main,180,1
880,chinese,main,258,0
881,indian,main,496,0
882,chinese,main,336,1
883,chinese,dessert,437,1
884,italian,beverage,514,0
885,chinese,side,473,0
886,indian,beverage,194,1
887,indian,side,446,0
888,chinese,side,135,0
889,italian,beverage,552,0
890,italian,beverage,325,0
891,italian,main,389,0
892,italian,side,160,1
893,italian,beverage,339,0
894,italian,beverage,105,1
895,chinese,dessert,359,0
896,italian,beverage,408,0
897,indian,main,426,1
898,chinese,dessert,564,1
899,italian,main,263,1
900,chinese,side,105,0
901,italian,side,483,1
902,italian,main,501,1
903,indian,beverage,126,0
904,indian,side,588,0
905,indian,side,374,1
906,chinese,beverage,443,1
907,indian,beverage,188,0
908,indian,dessert,123,0
909,indian,dessert,431,1
910,chinese,beverage,342,1
911,italian,side,129,1
912,italian,main,580,0
913,indian,side,320,1
914,chinese,beverage,470,1
915,chinese,side,219,0
916,chinese,side,336,1
917,indian,dessert,480,0
918,chinese,side,101,0
919,italian,dessert,179,0
920,italian,main,290,1
921,indian,beverage,281,1
922,indian,main,223,0
923,indian,main,130,0
924,chinese,side,233,0
925,chinese,main,169,1
926,chinese,beverage,491,0
927,chinese,dessert,172,1
928,indian,main,237,1
929,chinese,beverage,546,1
930,indian,side,357,1
931,chinese,beverage,564,0
932,italian,dessert,113,1
933,indian,beverage,537,0
934,chinese,dessert,392,1
935,indian,main,460,1
936,italian,beverage,468,1
937,italian,beverage,260,1
938,indian,dessert,405,1
939,indian,beverage,558,1
940,indian,dessert,183,1
941,italian,beverage,299,0
942,italian,beverage,434,1
943,indian,main,278,1
944,italian,side,288,1
945,indian,side,327,1
946,indian,main,271,1
947,indian,dessert,495,0
948,indian,main,310,0
949,italian,main,253,0
950,chinese,side,575,0
951,italian,beverage,301,0
952,chinese,beverage,197,0
953,indian,side,563,0
954,italian,dessert,459,0
955,chinese,side,420,0
956,indian,side,478,0
957,chinese,dessert,222,1
958,italian,dessert,570,1
959,italian,main,266,1
960,indian,side,534,1
961,italian,beverage,375,1
962,italian,dessert,188,0
963,italian,side,482,1
964,indian,dessert,151,0
965,italian,main,153,0
966,indian,side,168,0
967,chinese,beverage,239,1
968,indian,main,458,0
969,italian,beverage,323,0
970,chinese,dessert,446,0
971,indian,side,473,1
972,chinese,main,220,1
973,indian,main,376,0
974,italian,dessert,353,0
975,chinese,main,246,0
976,chinese,side,287,0
977,chinese,main,449,1
978,indian,main,556,1
979,italian,dessert,256,1
980,indian,side,471,0
981,indian,main,428,1
982,indian,dessert,405,0
983,italian,dessert,246,1
984,chinese,beverage,341,0
985,italian,dessert,148,1
986,italian,dessert,478,1
987,italian,beverage,468,1
988,chinese,dessert,338,1
989,chinese,main,307,0
990,chinese,dessert,587,0
991,italian,dessert,106,0
992,italian,beverage,536,0
993,indian,dessert,487,0
994,italian,main,106,0
995,indian,beverage,577,0
996,indian,side,380,1
997,chinese,beverage,388,0
998,indian,side,443,1
999,italian,beverage,137,1
1000,chinese,side,480,1
1001,italian,main,359,1
1002,indian,beverage,557,0
1003,italian,main,200,0
1004,chinese,beverage,590,0
1005,italian,side,180,1
1006,chinese,dessert,554,1
1007,chinese,beverage,160,0
1008,italian,beverage,105,0
1009,chinese,dessert,590,1
1010,indian,main,120,0
1011,italian,dessert,438,1
1012,italian,main,549,0
1013,chinese,beverage,591,1
1014,italian,dessert,239,0
1015,chinese,main,529,0
1016,indian,beverage,523,0
1017,italian,side,236,1
1018,chinese,side,417,0
1019,italian,dessert,352,1
1020,italian,side,499,0
1021,chinese,beverage,455,1
1022,chinese,main,523,0
1023,chinese,main,134,0
1024,chinese,main,438,1
1025,indian,dessert,553,0
1026,italian,main,446,0
1027,indian,beverage,227,0
1028,chinese,main,199,0
1029,chinese,dessert,519,1
1030,italian,main,339,0
1031,indian,dessert,392,0
1032,indian,dessert,200,0
1033,chinese,side,399,1
1034,indian,dessert,534,0
1035,indian,side,223,1
1036,chinese,main,324,0
1037,chinese,side,248,0
1038,indian,beverage,255,0
1039,chinese,side,123,0
1040,italian,beverage,191,0
1041,chinese,beverage,290,1
1042,indian,dessert,465,1
1043,chinese,dessert,133,0
1044,indian,beverage,473,0
1045,italian,dessert,396,0
1046,italian,side,598,0
1047,italian,side,320,1
1048,chinese,side,460,0
1049,chinese,side,377,0
1050,chinese,dessert,585,0
1051,indian,dessert,120,1
1052,italian,beverage,359,0
1053,italian,side,501,0
1054,chinese,beverage,307,1
1055,indian,side,518,1
1056,italian,beverage,106,0
1057,italian,dessert,237,1
1058,italian,dessert,548,1
1059,chinese,dessert,446,1
1060,chinese,beverage,157,1
1061,chinese,beverage,353,1
1062,chinese,main,548,0
1063,italian,main,277,0
1064,chinese,main,586,0
1065,indian,dessert,226,0
1066,indian,dessert,289,1
1067,indian,dessert,465,0
1068,indian,beverage,154,1
1069,indian,beverage,359,0
1070,italian,main,114,0
1071,chinese,beverage,248,0
1072,indian,main,534,1
1073,indian,dessert,313,1
1074,italian,main,561,0
1075,chinese,main,480,1
1076,chinese,beverage,326,1
1077,italian,dessert,319,1
1078,indian,main,153,1
1079,italian,main,364,0
1080,italian,side,435,1
1081,italian,side,548,1
1082,italian,beverage,144,0
1083,indian,side,431,0
1084,italian,side,311,0
1085,chinese,dessert,218,1
1086,italian,main,142,1
1087,chinese,side,357,1
1088,indian,main,541,1
1089,indian,side,198,0
1090,italian,main,542,1
1091,italian,main,546,0
1092,indian,side,263,1
1093,indian,beverage,489,1
1094,indian,beverage,562,0
1095,chinese,main,596,0
1096,indian,dessert,388,1
1097,chinese,beverage,246,1
1098,indian,side,270,1
1099,italian,dessert,300,0
1100,italian,beverage,451,1
1101,italian,main,447,1
1102,chinese,side,450,0
1103,italian,main,583,0
1104,indian,side,269,0
1105,italian,side,333,1
1106,indian,side,320,0
1107,chinese,beverage,330,1
1108,chinese,dessert,212,0
1109,italian,main,569,0
1110,italian,beverage,147,0
1111,chinese,dessert,183,1
1112,chinese,beverage,186,0
1113,italian,main,272,1
1114,chinese,beverage,492,1
1115,chinese,side,244,1
1116,indian,dessert,550,0
1117,chinese,main,420,1
1118,italian,beverage,293,1
1119,indian,dessert,499,0
1120,indian,beverage,497,0
1121,indian,dessert,262,1
1122,indian,beverage,228,0
1123,italian,beverage,424,0
1124,chinese,main,585,1
1125,indian,dessert,315,0
1126,italian,side,336,1
1127,chinese,beverage,282,1
1128,italian,main,220,0
1129,indian,side,349,0
1130,chinese,dessert,546,1
1131,chinese,side,579,1
1132,chinese,dessert,539,1
1133,chinese,main,595,0
1134,italian,beverage,254,1
1135,chinese,beverage,400,0
1136,italian,side,125,0
1137,italian,dessert,496,0
1138,indian,dessert,513,0
1139,italian,dessert,433,1
1140,italian,beverage,584,0
1141,indian,main,527,1
1142,indian,side,201,0
1143,indian,main,275,1
1144,italian,main,283,1
1145,chinese,beverage,489,0
1146,chinese,side,292,0
1147,italian,side,587,1
1148,indian,side,294,0
1149,italian,beverage,120,1
1150,chinese,main,385,0
1151,indian,dessert,154,1
1152,indian,main,403,1
1153,italian,main,240,0
1154,chinese,dessert,467,0
1155,italian,main,174,1
1156,indian,dessert,173,0
1157,indian,beverage,335,0
1158,chinese,side,316,1
1159,italian,side,390,0
1160,indian,dessert,383,1
1161,chinese,beverage,461,1
1162,italian,dessert,540,0
1163,indian,side,544,0
1164,italian,side,476,1
1165,chinese,side,287,1
1166,indian,main,434,1
1167,italian,main,550,1
1168,indian,main,301,1
1169,indian,main,527,1
1170,chinese,beverage,332,0
1171,italian,main,324,0
1172,chinese,side,316,0
1173,italian,beverage,217,1
1174,indian,side,471,0
1175,italian,beverage,458,0
1176,italian,dessert,201,1
1177,chinese,side,231,1
1178,indian,beverage,311,1
1179,chinese,beverage,386,0
1180,indian,main,357,1
1181,indian,dessert,434,1
1182,indian,main,132,1
1183,chinese,side,459,1
1184,indian,dessert,579,0
1185,indian,side,214,1
1186,chinese,dessert,260,1
1187,chinese,dessert,406,0
1188,indian,side,561,0
1189,chinese,main,549,0
1190,italian,side,151,0
1191,italian,dessert,151,0
1192,chinese,main,205,1
1193,italian,main,544,0
1194,italian,beverage,230,1
1195,chinese,main,551,0
1196,indian,dessert,414,0
1197,chinese,dessert,537,0
1198,indian,dessert,225,1
1199,indian,side,229,1
1200,indian,dessert,143,1
1201,italian,main,393,1
1202,indian,beverage,343,0
1203,indian,main,190,1
1204,chinese,main,114,0
1205,chinese,main,521,1
1206,italian,beverage,418,1
1207,indian,dessert,161,1
1208,italian,main,373,0
1209,indian,main,512,0
1210,chinese,side,540,1
1211,italian,dessert,123,1
1212,chinese,beverage,233,1
1213,chinese,side,345,1
1214,indian,main,583,1
1215,indian,side,121,0
1216,italian,beverage,314,1
1217,italian,main,597,1
1218,italian,beverage,204,1
1219,indian,beverage,534,1
1220,chinese,side,184,1
1221,chinese,beverage,176,1
1222,italian,side,112,1
1223,indian,beverage,495,1
1224,indian,dessert,390,0
1225,chinese,side,108,0
1226,chinese,beverage,121,1
1227,indian,side,519,0
1228,indian,main,575,0
1229,italian,main,268,0
1230,indian,beverage,321,0
1231,italian,main,410,0
1232,indian,side,220,1
1233,indian,main,178,0
1234,indian,side,198,0
1235,chinese,side,503,0
1236,chinese,main,285,0
1237,chinese,dessert,280,0
1238,italian,side,375,1
1239,chinese,side,502,1
1240,italian,beverage,245,1
1241,chinese,main,544,1
1242,italian,main,401,1
1243,indian,dessert,275,1
1244,italian,side,171,0
1245,chinese,dessert,204,1
1246,indian,beverage,459,0
1247,italian,dessert,405,0
1248,chinese,dessert,569,0
1249,italian,side,366,1
1250,italian,dessert,491,1
1251,chinese,main,290,0
1252,indian,dessert,286,0
1253,chinese,beverage,500,1
1254,chinese,main,150,0
1255,indian,side,125,1
1256,italian,side,550,0
1257,chinese,side,433,1
1258,indian,dessert,352,0
1259,italian,side,581,1
1260,indian,side,290,0
1261,italian,beverage,140,1
1262,italian,beverage,394,0
1263,indian,main,387,0
1264,chinese,main,536,1
1265,chinese,dessert,433,1
1266,italian,beverage,276,0
1267,chinese,main,562,0
1268,indian,dessert,447,0
1269,italian,beverage,555,0
1270,chinese,main,519,1
1271,chinese,beverage,522,0
1272,chinese,main,481,1
1273,indian,side,464,1
1274,chinese,side,268,0
1275,italian,beverage,360,0
1276,italian,main,361,1
1277,italian,dessert,371,1
1278,indian,dessert,443,1
1279,indian,dessert,502,0
1280,chinese,side,339,0
1281,indian,dessert,264,1
1282,italian,beverage,542,0
1283,chinese,main,168,0
1284,indian,beverage,568,0
1285,italian,dessert,397,0
1286,italian,beverage,411,0
1287,chinese,dessert,440,1
1288,indian,beverage,560,1
1289,chinese,side,440,1
1290,indian,main,571,0
1291,chinese,dessert,388,1
1292,indian,side,583,0
1293,italian,dessert,120,0
1294,chinese,beverage,101,0
1295,indian,dessert,143,1
1296,chinese,dessert,170,1
1297,italian,dessert,145,1
1298,italian,main,334,1
1299,indian,dessert,166,0
1300,italian,dessert,597,0
1301,chinese,side,516,0
1302,chinese,beverage,124,0
1303,indian,beverage,263,0
1304,indian,beverage,374,0
1305,indian,dessert,467,0
1306,chinese,side,324,1
1307,chinese,main,510,1
1308,italian,main,386,0
1309,chinese,dessert,422,1
1310,indian,beverage,535,1
1311,indian,dessert,472,1
1312,chinese,dessert,133,1
1313,chinese,side,280,1
1314,indian,side,111,1
1315,indian,main,291,0
1316,indian,main,451,1
1317,italian,main,372,1
1318,indian,beverage,431,0
1319,italian,dessert,434,1
1320,indian,side,126,1
1321,indian,dessert,252,1
1322,chinese,main,500,0
1323,italian,dessert,194,1
1324,italian,main,104,1
1325,italian,side,127,0
1326,chinese,main,171,1
1327,indian,beverage,407,1
1328,indian,main,233,1
1329,indian,side,392,1
1330,chinese,dessert,291,0
1331,italian,beverage,454,0
1332,indian,beverage,225,0
1333,chinese,side,209,0
1334,indian,dessert,187,1
1335,italian,dessert,150,1
1336,chinese,beverage,436,1
1337,italian,dessert,336,1
1338,chinese,dessert,388,0
1339,italian,main,372,1
1340,indian,dessert,479,0
1341,indian,dessert,463,1
1342,indian,main,226,0
1343,indian,side,596,1
1344,chinese,dessert,467,0
1345,indian,beverage,482,1
1346,italian,main,558,1
1347,italian,side,386,0
1348,chinese,main,284,0
1349,indian,side,526,1
1350,italian,beverage,230,0
1351,italian,main,403,0
1352,italian,main,554,0
1353,italian,beverage,212,0
1354,italian,beverage,159,1
1355,chinese,dessert,186,1
1356,indian,dessert,436,1
1357,indian,dessert,492,0
1358,indian,dessert,272,1
1359,indian,beverage,343,1
1360,chinese,main,363,1
1361,italian,side,317,0
1362,chinese,beverage,370,1
1363,chinese,main,248,0
1364,chinese,main,108,1
1365,chinese,beverage,353,1
1366,italian,side,590,1
1367,chinese,beverage,496,0
1368,indian,side,298,0
1369,italian,side,190,0
1370,chinese,side,559,0
1371,italian,dessert,324,0
1372,chinese,dessert,188,1
1373,chinese,main,274,1
1374,indian,beverage,160,1
1375,chinese,side,299,1
1376,italian,beverage,422,1
1377,italian,side,274,1
1378,indian,beverage,499,0
1379,indian,side,373,0
1380,indian,beverage,122,1
1381,chinese,beverage,329,1
1382,italian,main,229,1
1383,indian,main,214,1
1384,chinese,main,348,1
1385,italian,side,255,0
1386,indian,side,372,0
1387,italian,beverage,467,1
1388,chinese,dessert,286,0
1389,indian,beverage,357,0
1390,italian,side,434,0
1391,italian,dessert,207,1
1392,indian,dessert,355,0
1393,chinese,main,346,1
1394,italian,main,277,0
1395,indian,dessert,245,0
1396,chinese,beverage,137,1
1397,italian,beverage,179,1
1398,italian,beverage,543,1
1399,chinese,beverage,518,0
1400,italian,side,436,1
1401,italian,side,373,1
1402,italian,main,234,1
1403,indian,main,134,1
1404,italian,dessert,476,0
1405,italian,beverage,468,1
1406,chinese,dessert,140,1
1407,chinese,side,228,0
1408,italian,dessert,435,0
1409,indian,side,477,0
1410,chinese,beverage,174,0
1411,chinese,main,586,0
1412,italian,beverage,272,1
1413,chinese,dessert,144,0
1414,chinese,dessert,269,0
1415,indian,side,119,0
1416,indian,side,570,0
1417,chinese,dessert,501,1
1418,italian,dessert,266,0
1419,indian,dessert,384,1
1420,chinese,side,525,0
1421,indian,dessert,195,1
1422,chinese,beverage,595,1
1423,chinese,side,470,1
1424,indian,dessert,572,0
1425,chinese,main,197,1
1426,indian,dessert,363,1
1427,indian,main,379,0
1428,indian,side,160,0
1429,indian,main,188,1
1430,italian,side,177,1
1431,indian,beverage,169,0
1432,indian,dessert,492,1
1433,indian,dessert,484,0
1434,italian,beverage,251,1
1435,italian,beverage,330,1
1436,italian,side,531,0
1437,chinese,dessert,373,0
1438,indian,main,447,1
1439,chinese,beverage,357,0
1440,chinese,dessert,332,1
1441,indian,side,403,0
1442,chinese,main,443,0
1443,chinese,main,297,0
1444,italian,side,193,0
1445,italian,main,171,1
1446,chinese,side,557,1
1447,italian,dessert,393,1
1448,chinese,beverage,386,1
1449,italian,main,279,1
1450,italian,dessert,107,0
1451,indian,beverage,134,1
1452,indian,dessert,237,1
1453,indian,main,207,1
1454,italian,main,239,0
1455,indian,side,254,0
1456,italian,beverage,412,1
1457,indian,side,153,0
1458,chinese,beverage,322,1
1459,indian,beverage,520,0
1460,indian,beverage,501,0
1461,chinese,side,399,0
1462,indian,main,457,1
1463,italian,side,439,0
1464,indian,beverage,384,0
1465,indian,beverage,370,1
1466,italian,side,442,1
1467,italian,side,350,1
1468,indian,beverage,163,1
1469,italian,dessert,264,0
1470,italian,beverage,153,0
1471,italian,side,227,0
1472,italian,dessert,312,0
1473,chinese,side,526,1
1474,chinese,side,394,0
1475,chinese,beverage,246,1
1476,chinese,beverage,573,1
1477,italian,dessert,279,1
1478,italian,beverage,401,0
1479,chinese,main,267,1
1480,indian,main,280,0
1481,chinese,beverage,502,0
1482,chinese,dessert,561,1
1483,indian,beverage,335,1
1484,indian,side,322,1
1485,chinese,dessert,399,0
1486,italian,main,210,0
1487,chinese,beverage,397,1
1488,italian,side,328,0
1489,chinese,beverage,357,1
1490,italian,beverage,176,1
1491,italian,side,343,1
1492,indian,dessert,194,0
1493,chinese,side,530,0
1494,chinese,main,240,1
1495,italian,dessert,564,1
1496,chinese,dessert,551,0
1497,chinese,beverage,206,0
1498,chinese,beverage,452,1
1499,chinese,dessert,312,1
1500,indian,dessert,488,0
1501,chinese,side,281,0
1502,chinese,main,264,1
1503,chinese,beverage,540,0
1504,chinese,side,588,0
1505,italian,side,494,1
1506,italian,side,397,0
1507,italian,main,265,1
1508,italian,dessert,492,0
1509,indian,main,441,1
1510,italian,main,365,0
1511,chinese,main,239,1
1512,italian,dessert,577,0
1513,chinese,main,337,0
1514,italian,main,438,0
1515,italian,side,109,0
1516,chinese,side,540,1
1517,indian,beverage,170,0
1518,italian,side,218,0
1519,chinese,side,536,0
1520,chinese,dessert,359,1
1521,chinese,side,544,0
1522,italian,side,185,1
1523,indian,main,314,0
1524,indian,main,544,1
1525,italian,beverage,479,1
1526,chinese,main,348,1
1527,indian,dessert,156,0
1528,chinese,main,264,1
1529,indian,side,295,0
1530,indian,dessert,338,0
1531,italian,main,169,0
1532,chinese,beverage,118,1
1533,indian,dessert,498,0
1534,indian,main,339,1
1535,indian,beverage,515,0
1536,indian,main,414,1
1537,italian,side,297,0
1538,indian,beverage,361,1
1539,indian,dessert,293,0
1540,chinese,beverage,231,0
1541,italian,main,169,0
1542,chinese,dessert,284,1
1543,chinese,side,544,0
1544,indian,dessert,539,0
1545,italian,beverage,329,1
1546,chinese,dessert,210,0
1547,chinese,main,342,0
1548,indian,beverage,537,1
1549,italian,dessert,541,0
1550,chinese,dessert,463,1
1551,italian,side,511,0
1552,chinese,main,282,0
1553,chinese,beverage,338,1
1554,chinese,main,152,1
1555,chinese,side,182,1
1556,italian,main,582,1
1557,chinese,side,401,0
1558,chinese,dessert,478,0
1559,chinese,main,586,0
1560,italian,dessert,348,0
1561,chinese,side,306,1
1562,italian,main,589,0
1563,indian,side,313,1
1564,indian,beverage,126,0
1565,italian,side,402,1
1566,indian,side,168,1
1567,chinese,beverage,396,1
1568,italian,side,144,1
1569,indian,beverage,219,0
1570,chinese,beverage,391,1
1571,chinese,dessert,190,1
1572,indian,main,251,1
1573,chinese,beverage,232,1
1574,indian,dessert,503,0
1575,italian,side,355,0
1576,italian,beverage,523,1
1577,italian,beverage,458,1
1578,chinese,side,277,1
1579,chinese,beverage,550,0
1580,italian,beverage,325,0
1581,italian,main,419,0
1582,indian,beverage,400,0
1583,italian,main,393,1
1584,chinese,side,570,0
1585,indian,side,440,0
1586,italian,main,347,0
1587,indian,side,172,0
1588,chinese,main,414,1
1589,indian,beverage,199,1
1590,chinese,side,129,0
1591,italian,beverage,321,1
1592,indian,beverage,384,1
1593,chinese,main,305,1
1594,chinese,main,315,1
1595,chinese,dessert,123,0
1596,italian,dessert,532,0
1597,italian,dessert,200,1
1598,italian,dessert,339,1
1599,italian,side,403,1
1600,indian,dessert,252,0
1601,italian,side,154,1
1602,italian,dessert,420,1
1603,italian,dessert,396,0
1604,chinese,beverage,515,0
1605,indian,dessert,133,0
1606,italian,side,337,0
1607,indian,beverage,279,0
1608,indian,dessert,253,0
1609,chinese,side,367,1
1610,indian,beverage,556,1
1611,indian,main,105,1
1612,chinese,side,225,1
1613,indian,main,328,0
1614,italian,beverage,158,1
1615,chinese,main,167,1
1616,indian,beverage,219,1
1617,italian,side,432,1
1618,indian,dessert,462,0
1619,italian,side,597,1
1620,chinese,main,452,0
1621,indian,dessert,167,1
1622,chinese,beverage,428,0
1623,italian,dessert,302,0
1624,chinese,beverage,536,1
1625,chinese,side,215,1
1626,indian,side,192,1
1627,indian,side,459,1
1628,chinese,side,536,1
1629,chinese,main,539,0
1630,indian,beverage,217,0
1631,chinese,dessert,168,0
1632,italian,beverage,408,0
1633,indian,side,165,1
1634,indian,side,275,1
1635,indian,main,300,1
1636,italian,side,435,0
1637,indian,side,226,0
1638,chinese,main,591,0
1639,chinese,main,226,0
1640,indian,side,260,1
1641,italian,beverage,329,0
1642,chinese,beverage,197,1
1643,chinese,dessert,500,0
1644,italian,main,433,0
1645,indian,beverage,569,0
1646,chinese,beverage,403,1
1647,italian,beverage,503,1
1648,chinese,dessert,518,0
1649,italian,dessert,337,0
1650,italian,main,454,1
1651,italian,side,101,1
1652,indian,dessert,431,1
1653,italian,side,225,1
1654,chinese,beverage,120,0
1655,chinese,dessert,383,0
1656,italian,main,403,1
1657,italian,beverage,296,1
1658,italian,dessert,454,1
1659,indian,main,425,0
1660,chinese,beverage,335,1
1661,italian,dessert,105,1
1662,italian,beverage,474,0
1663,indian,side,422,0
1664,chinese,dessert,266,0
1665,indian,main,123,0
1666,indian,beverage,208,1
1667,chinese,side,194,1
1668,indian,dessert,509,0
1669,chinese,main,101,1
1670,chinese,dessert,330,1
1671,italian,main,210,1
1672,italian,dessert,175,1
1673,indian,dessert,540,1
1674,italian,beverage,332,0
1675,chinese,main,374,1
1676,italian,dessert,553,1
1677,chinese,main,250,0
1678,italian,main,450,0
1679,italian,beverage,421,0
1680,italian,beverage,494,1
1681,chinese,side,245,0
1682,chinese,main,515,0
1683,indian,dessert,487,1
1684,indian,side,391,0
1685,italian,side,583,0
1686,indian,main,540,1
1687,chinese,main,260,0
1688,indian,beverage,241,1
1689,italian,main,338,0
1690,chinese,main,336,0
1691,italian,dessert,405,0
1692,indian,main,313,0
1693,chinese,dessert,456,1
1694,italian,side,529,1
1695,italian,dessert,242,1
1696,italian,main,392,0
1697,italian,beverage,211,0
1698,chinese,main,512,0
1699,indian,side,299,0
1700,italian,side,490,0
1701,italian,dessert,258,1
1702,indian,side,107,0
1703,chinese,main,264,0
1704,chinese,side,306,1
1705,italian,beverage,599,1
1706,indian,main,195,1
1707,chinese,dessert,531,0
1708,italian,dessert,366,0
1709,indian,dessert,517,0
1710,chinese,main,564,0
1711,italian,beverage,485,1
1712,indian,main,212,0
1713,indian,side,231,1
1714,italian,main,512,1
1715,indian,dessert,589,0
1716,italian,main,462,0
1717,indian,main,269,0
1718,indian,dessert,284,1
1719,chinese,main,165,0
1720,italian,side,224,0
1721,chinese,side,401,1
1722,italian,side,494,0
1723,chinese,main,281,1
1724,chinese,dessert,360,1
1725,indian,dessert,113,0
1726,indian,dessert,213,1
1727,chinese,side,541,0
1728,indian,dessert,359,1
1729,indian,side,550,1
1730,chinese,dessert,318,1
1731,italian,beverage,441,1
1732,chinese,main,512,1
1733,chinese,dessert,518,0
1734,italian,dessert,215,1
1735,chinese,beverage,562,0
1736,italian,side,386,0
1737,indian,beverage,194,0
1738,indian,side,560,0
1739,italian,beverage,248,1
1740,chinese,dessert,322,0
1741,indian,dessert,332,0
1742,italian,dessert,261,0
1743,indian,side,135,1
1744,chinese,side,557,1
1745,chinese,dessert,140,1
1746,indian,main,252,0
1747,italian,side,420,1
1748,chinese,side,479,0
1749,chinese,dessert,377,1
1750,chinese,beverage,537,0
1751,italian,main,377,0
1752,chinese,main,225,1
1753,italian,dessert,293,0
1754,indian,side,299,0
1755,chinese,beverage,168,1
1756,chinese,dessert,109,0
1757,italian,main,366,1
1758,indian,dessert,577,1
1759,chinese,side,360,1
1760,chinese,side,143,0
1761,indian,beverage,448,1
1762,italian,beverage,576,0
1763,italian,beverage,561,1
1764,italian,beverage,390,0
1765,chinese,side,363,1
1766,chinese,dessert,398,0
1767,italian,dessert,243,1
1768,chinese,beverage,140,0
1769,chinese,main,107,1
1770,indian,main,189,1
1771,chinese,beverage,488,0
1772,chinese,beverage,585,1
1773,italian,main,170,1
1774,indian,side,436,1
1775,chinese,side,207,0
1776,italian,side,420,1
1777,indian,dessert,385,0
1778,indian,main,450,1
1779,chinese,side,514,1
1780,chinese,beverage,344,0
1781,chinese,side,461,1
1782,chinese,main,236,1
1783,italian,side,303,1
1784,indian,side,594,0
1785,chinese,dessert,547,1
1786,indian,side,452,1
1787,indian,side,400,0
1788,chinese,main,560,0
1789,italian,side,582,1
1790,indian,dessert,445,1
1791,indian,beverage,300,0
1792,indian,dessert,201,1
1793,indian,beverage,582,0
1794,italian,beverage,149,1
1795,italian,side,478,0
1796,chinese,beverage,588,0
1797,chinese,side,386,1
1798,indian,beverage,470,1
1799,indian,dessert,310,0
1800,indian,beverage,244,0
1801,chinese,dessert,284,0
1802,italian,beverage,553,0
1803,italian,beverage,348,0
1804,italian,main,246,0
1805,chinese,beverage,262,0
1806,italian,main,579,1
1807,indian,side,263,1
1808,indian,dessert,323,1
1809,chinese,dessert,153,1
1810,italian,main,152,1
1811,italian,beverage,581,1
1812,indian,side,399,0
1813,indian,beverage,527,0
1814,indian,main,557,1
1815,indian,dessert,150,0
1816,chinese,main,198,1
1817,chinese,beverage,150,0
1818,italian,side,234,0
1819,chinese,side,484,0
1820,chinese,dessert,556,1
1821,chinese,beverage,482,1
1822,indian,dessert,338,1
1823,chinese,side,274,0
1824,indian,beverage,365,1
1825,italian,main,149,0
1826,chinese,main,527,0
1827,chinese,main,464,0
1828,italian,beverage,244,0
1829,indian,side,266,0
1830,chinese,side,559,0
1831,italian,beverage,114,0
1832,italian,beverage,157,1
1833,indian,beverage,323,0
1834,italian,beverage,232,1
1835,chinese,main,342,1
1836,chinese,beverage,341,0
1837,chinese,main,309,0
1838,italian,beverage,343,0
1839,italian,dessert,401,1
1840,chinese,dessert,548,1
1841,italian,dessert,477,1
1842,indian,side,524,1
1843,chinese,beverage,250,1
1844,italian,main,541,1
1845,indian,main,522,1
1846,chinese,dessert,388,1
1847,indian,beverage,188,1
1848,chinese,main,595,1
1849,chinese,dessert,149,0
1850,indian,main,319,0
1851,chinese,beverage,118,0
1852,chinese,main,215,0
1853,italian,dessert,500,0
1854,chinese,beverage,256,0
1855,chinese,dessert,207,1
1856,indian,dessert,151,1
1857,indian,dessert,452,1
1858,chinese,beverage,311,0
1859,indian,beverage,517,1
1860,chinese,dessert,586,1
1861,italian,main,357,1
1862,italian,main,319,0
1863,chinese,main,339,1
1864,italian,beverage,501,0
1865,indian,side,383,1
1866,indian,main,279,1
1867,indian,side,516,0
1868,italian,beverage,360,0
1869,chinese,dessert,400,0
1870,chinese,beverage,309,1
1871,italian,side,547,1
1872,italian,beverage,104,1
1873,indian,main,206,0
1874,chinese,dessert,441,0
1875,indian,side,573,0
1876,italian,main,486,0
1877,chinese,main,589,1
1878,chinese,dessert,165,0
1879,chinese,beverage,116,0
1880,indian,side,486,1
1881,italian,dessert,435,1
1882,italian,main,418,1
1883,chinese,main,150,0
1884,indian,dessert,406,1
1885,chinese,side,308,0
1886,italian,main,231,0
1887,chinese,beverage,522,1
1888,indian,beverage,148,0
1889,chinese,side,345,0
1890,chinese,main,138,1
1891,italian,beverage,244,0
1892,indian,dessert,346,0
1893,chinese,main,255,1
1894,chinese,side,489,1
1895,indian,beverage,515,0
1896,italian,side,380,0
1897,chinese,dessert,244,1
1898,chinese,dessert,562,1
1899,indian,side,408,1
1900,indian,main,406,1
1901,italian,dessert,593,1
1902,indian,main,442,0
1903,italian,dessert,417,0
1904,italian,beverage,367,0
1905,italian,beverage,257,0
1906,italian,dessert,323,1
1907,italian,beverage,101,1
1908,chinese,main,224,0
1909,chinese,dessert,216,0
1910,chinese,dessert,363,0
1911,chinese,side,536,0
1912,chinese,beverage,315,0
1913,indian,side,316,0
1914,italian,beverage,159,0
1915,chinese,beverage,177,0
1916,indian,main,529,1
1917,italian,beverage,418,0
1918,italian,dessert,306,1
1919,indian,side,421,0
1920,italian,dessert,103,0
1921,chinese,dessert,276,0
1922,chinese,beverage,378,0
1923,italian,beverage,409,1
1924,indian,side,504,1
1925,italian,side,143,1
1926,italian,dessert,582,0
1927,italian,beverage,552,1
1928,chinese,main,317,0
1929,chinese,beverage,279,1
1930,indian,beverage,500,1
1931,italian,side,111,1
1932,chinese,main,304,0
1933,indian,beverage,435,1
1934,indian,side,447,1
1935,indian,dessert,539,1
1936,indian,side,401,1
1937,italian,beverage,448,0
1938,italian,beverage,373,1
1939,chinese,side,399,0
1940,chinese,dessert,307,1
1941,chinese,dessert,313,0
1942,italian,main,176,1
1943,italian,dessert,351,1
1944,italian,beverage,312,0
1945,indian,beverage,597,1
1946,chinese,beverage,292,0
1947,chinese,beverage,484,1
1948,indian,side,100,0
1949,chinese,dessert,376,1
1950,indian,dessert,255,1
1951,chinese,side,452,1
1952,italian,main,590,1
1953,chinese,beverage,214,1
1954,chinese,beverage,187,1
1955,indian,main,118,1
1956,italian,side,297,0
1957,indian,main,178,0
1958,italian,beverage,110,1
1959,indian,dessert,243,1
1960,italian,side,184,1
1961,indian,beverage,126,1
1962,italian,main,102,0
1963,chinese,main,342,0
1964,italian,beverage,142,1
1965,italian,side,188,0
1966,indian,beverage,392,1
1967,chinese,side,539,0
1968,indian,beverage,503,0
1969,italian,side,262,0
1970,chinese,side,573,0
1971,chinese,main,109,0
1972,indian,side,192,0
1973,italian,beverage,142,1
1974,chinese,side,396,0
1975,italian,beverage,206,0
1976,indian,side,304,0
1977,chinese,main,529,1
1978,italian,dessert,223,0
1979,indian,side,476,0
1980,chinese,main,255,1
1981,indian,main,430,1
1982,italian,beverage,449,0
1983,italian,beverage,384,1
1984,chinese,main,539,0
1985,chinese,dessert,303,1
1986,italian,main,156,0
1987,italian,main,173,1
1988,chinese,beverage,218,0
1989,italian,main,390,1
1990,chinese,beverage,391,0
1991,italian,main,157,1
1992,chinese,beverage,318,1
1993,italian,beverage,357,1
1994,chinese,main,581,0
1995,indian,side,425,0
1996,chinese,main,279,1
1997,italian,side,330,1
1998,chinese,beverage,263,1
1999,italian,dessert,309,1
